FlareID_1,Start_Time_1,Peak_Time_1,End_Time_1,hgs_lon_1,hgs_lat_1,hgc_lon_1,hgc_lat_1,goes_class_1,FlareID_2,Start_Time_2,Peak_Time_2,End_Time_2,hgs_lon_2,hgs_lat_2,hgc_lon_2,hgc_lat_2,goes_class_2,solo_position_lon,solo_position_lat,solo_position_AU_distance
2203290740,2022-03-29 07:32:03.983,2022-03-29 07:40:59.984,2022-03-29 08:19:31.988,104.6737891969576,13.168426783670997,176.97639559246284,13.168426783671,C3.5,2203290823,2022-03-29 08:22:47.989,2022-03-29 08:23:15.989,2022-03-29 08:23:47.989,83.88261937619244,13.48511083729733,155.7980934249204,13.485110837297333,C2.3,88.27652575015105,1.008505605904657,0.3285300978084735
2204020641,2022-04-02 06:39:04.702,2022-04-02 06:41:36.703,2022-04-02 06:42:04.703,82.85478863256068,27.420632567072065,102.9389428653735,27.42063256707206,C1.9,2204020729,2022-04-02 06:44:12.704,2022-04-02 07:29:00.725,2022-04-02 07:55:32.737,58.01202080520855,11.889450730451074,77.66193524941735,11.889450730451076,C6.4,107.98945921194544,2.6157956264654008,0.3541971714224995
2204020833,2022-04-02 08:30:28.754,2022-04-02 08:33:36.755,2022-04-02 08:47:24.762,70.93237275953395,12.840172451761232,89.99047388764086,12.840172451761232,C3.5,2204020956,2022-04-02 09:53:00.792,2022-04-02 09:56:44.794,2022-04-02 10:00:56.796,55.370293271568805,14.73825861373206,73.66679133034248,14.73825861373206,C1.5,108.449873496669,2.6495768219571145,0.3550820679157204
2204020956,2022-04-02 09:53:00.792,2022-04-02 09:56:44.794,2022-04-02 10:00:56.796,55.370293271568805,14.73825861373206,73.66679133034248,14.73825861373206,C1.5,2204021125,2022-04-02 11:16:00.416,2022-04-02 11:25:32.417,2022-04-02 11:48:20.420,72.05833949535341,13.534468540212927,89.54138209277609,13.534468540212927,C1.5,108.72526638500015,2.6696776588788222,0.3556184341033291
2204021256,2022-04-02 12:55:16.427,2022-04-02 12:56:08.427,2022-04-02 12:57:24.427,56.77141899344977,15.15325036564627,73.4244540145013,15.15325036564627,C2.1,2204021308,2022-04-02 13:07:00.428,2022-04-02 13:08:00.428,2022-04-02 13:08:16.428,73.62385709240682,13.054968762150988,90.16817866288478,13.054968762150988,C3.4,109.04181995620796,2.692684508122392,0.3562415586695784
2204021926,2022-04-02 18:57:32.465,2022-04-02 19:26:04.468,2022-04-02 19:30:36.469,58.70370478981756,14.7039118327132,71.78443700371173,14.7039118327132,C2.0,2204021944,2022-04-02 19:38:40.469,2022-04-02 19:44:28.470,2022-04-02 19:52:48.471,77.70169196928775,13.378087202351985,90.61385459126738,13.378087202351985,C1.8,110.25401150796748,2.77979473001933,0.3586938117729318
2204031925,2022-04-03 19:13:52.519,2022-04-03 19:25:28.520,2022-04-03 19:42:32.522,138.04573452941187,-26.074281238158942,137.93920252041252,-26.07428123815895,C1.3,2204031957,2022-04-03 19:46:28.522,2022-04-03 19:57:04.523,2022-04-03 20:04:40.524,116.68228451233468,-16.90335051618503,116.28623579629053,-16.90335051618503,C1.0,114.52258713618654,3.073266844789252,0.3682032232199577
2204031957,2022-04-03 19:46:28.522,2022-04-03 19:57:04.523,2022-04-03 20:04:40.524,116.68228451233468,-16.90335051618503,116.28623579629053,-16.90335051618503,C1.0,2204032010,2022-04-03 20:07:48.525,2022-04-03 20:10:20.525,2022-04-03 20:13:40.525,137.55428845944465,-26.42507721868335,137.036691365383,-26.42507721868335,C1.0,114.5603174618817,3.075763575362258,0.3682936315551816
2204040734,2022-04-04 07:17:56.595,2022-04-04 07:34:36.597,2022-04-04 08:13:08.601,94.0574061096212,16.454843489275568,87.2705150164127,16.454843489275568,C3.2,2204040820,2022-04-04 08:19:24.602,2022-04-04 08:20:40.602,2022-04-04 08:25:24.602,111.5653533435008,19.34482177629445,104.35639016966046,19.34482177629445,C2.0,116.6023800467425,3.208194759639937,0.3733622459106285
2204041053,2022-04-04 10:52:12.618,2022-04-04 10:53:00.618,2022-04-04 10:54:16.618,97.86887744467566,-23.414730320765976,89.26419989867418,-23.414730320765976,C2.3,2204041100,2022-04-04 11:00:04.618,2022-04-04 11:00:44.618,2022-04-04 11:01:20.618,73.31967007169379,-27.909870444022364,64.64413776681866,-27.909870444022356,C2.1,117.04077324110813,3.2359184708917685,0.3744963578483792
2204141218,2022-04-14 12:17:08.131,2022-04-14 12:18:04.132,2022-04-14 12:21:44.132,128.25583750987244,1.580707775146616,346.89267565767045,1.580707775146616,C1.2,2204141250,2022-04-14 12:46:08.135,2022-04-14 12:50:04.135,2022-04-14 13:28:12.139,149.59852228546598,15.609240992931694,7.941976398427854,15.6092409929317,C1.3,144.96956443472394,4.323011130251696,0.4957000858747929
2204160105,2022-04-16 00:59:40.162,2022-04-16 01:05:44.162,2022-04-16 01:12:32.163,-168.98493599746496,-29.440138241774207,29.41050171457133,-29.440138241774207,C1.4,2204160136,2022-04-16 01:34:28.165,2022-04-16 01:36:40.166,2022-04-16 01:45:04.166,175.66868346299023,-20.696790296313896,13.78048857112026,-20.696790296313896,C1.7,147.61726981554702,4.332853077964884,0.5151612109171294
2204162134,2022-04-16 21:29:00.190,2022-04-16 21:34:12.191,2022-04-16 22:13:04.195,-171.82786891550322,-20.669984982059503,15.303290710640518,-20.669984982059503,C2.8,2204162302,2022-04-16 22:57:56.200,2022-04-16 23:02:12.200,2022-04-16 23:43:52.204,-155.90550983166565,-29.28232070314129,30.41872031204108,-29.28232070314129,C2.1,149.019519064685,4.328635783264652,0.5264451537098402
2205032310,2022-05-03 22:54:15.905,2022-05-03 23:10:27.907,2022-05-03 23:24:51.908,119.8617557708491,15.26557769898977,81.52912917493276,15.26557769898977,C1.0,2205032354,2022-05-03 23:41:23.910,2022-05-03 23:54:55.911,2022-05-04 00:03:43.912,141.24041098423842,18.517785404316104,102.4996480244145,18.517785404316104,C1.3,163.08467175902996,3.628265340267088,0.7211885999348122
2205032354,2022-05-03 23:41:23.910,2022-05-03 23:54:55.911,2022-05-04 00:03:43.912,141.24041098423842,18.517785404316104,102.4996480244145,18.517785404316104,C1.3,2205040034,2022-05-04 00:16:47.914,2022-05-04 00:34:23.916,2022-05-04 00:44:03.917,121.73022089682064,14.101131429845978,82.6272131295053,14.101131429845978,M5.3,163.09454990234732,3.626762310968635,0.7214621129864371
2205040034,2022-05-04 00:16:47.914,2022-05-04 00:34:23.916,2022-05-04 00:44:03.917,121.73022089682064,14.101131429845978,82.6272131295053,14.101131429845978,M5.3,2205040100,2022-05-04 00:51:31.917,2022-05-04 01:00:07.918,2022-05-04 01:38:43.922,141.9690456096899,17.905457227688665,102.6298443179426,17.905457227688668,C6.2,163.1009761091943,3.6257821252411495,0.721640376834325
2205040100,2022-05-04 00:51:31.917,2022-05-04 01:00:07.918,2022-05-04 01:38:43.922,141.9690456096899,17.905457227688665,102.6298443179426,17.905457227688668,C6.2,2205040206,2022-05-04 02:02:07.925,2022-05-04 02:06:31.925,2022-05-04 02:11:27.926,121.14010589986424,15.281397054176637,81.19145046686563,15.281397054176631,C1.5,163.1175045769564,3.6232523218704498,0.7221000836949154
2205040937,2022-05-04 09:24:23.871,2022-05-04 09:37:55.872,2022-05-04 09:40:47.872,125.20514728527309,15.314868712186524,81.11327698211011,15.314868712186524,C5.2,2205041004,2022-05-04 10:00:47.874,2022-05-04 10:04:35.875,2022-05-04 10:10:23.875,146.93531091669135,18.402619363156777,102.59867494017018,18.402619363156777,C2.8,163.23426246812127,3.605012814864081,0.7253984006645445
2205041815,2022-05-04 18:13:27.925,2022-05-04 18:15:19.925,2022-05-04 18:19:51.926,127.23553272085591,12.368277546132925,78.39454993825957,12.368277546132925,C1.5,2205041927,2022-05-04 19:02:07.930,2022-05-04 19:27:47.933,2022-05-04 20:14:07.938,151.56103733285408,15.882327580437014,102.05488926800454,15.882327580437016,M1.6,163.3668366375565,3.583471190843561,0.7292582434427438
2205041927,2022-05-04 19:02:07.930,2022-05-04 19:27:47.933,2022-05-04 20:14:07.938,151.56103733285408,15.882327580437014,102.05488926800454,15.882327580437016,M1.6,2205041903,2022-05-04 19:02:23.930,2022-05-04 19:03:59.931,2022-05-04 19:06:55.931,131.2984234734224,15.023051097193363,82.01073367537637,15.02305109719336,C8.7,163.36134163816638,3.58438262175489,0.7290956981672245
2205041903,2022-05-04 19:02:23.930,2022-05-04 19:03:59.931,2022-05-04 19:06:55.931,131.2984234734224,15.023051097193363,82.01073367537637,15.02305109719336,C8.7,2205042018,2022-05-04 20:17:15.938,2022-05-04 20:18:59.938,2022-05-04 20:26:19.939,151.87847431233567,16.16998594099782,101.90236478416128,16.16998594099782,M1.6,163.37862596930617,3.5815101437606485,0.7296077514576856
2205050118,2022-05-05 01:01:07.966,2022-05-05 01:18:51.968,2022-05-05 01:24:55.968,134.8893799097525,15.000541531450375,82.16079406710207,15.000541531450374,C2.6,2205050138,2022-05-05 01:26:19.968,2022-05-05 01:38:27.970,2022-05-05 01:52:11.971,155.95034004832763,15.736877105610048,103.041844621266,15.736877105610048,C4.0,163.45120982618664,3.569264348176174,0.7317833150480398
2205051425,2022-05-05 14:10:23.847,2022-05-05 14:25:23.849,2022-05-05 14:32:11.850,140.3591507730646,16.116020402575796,80.41084605473327,16.116020402575796,M1.4,2205051501,2022-05-05 14:38:47.850,2022-05-05 15:01:51.853,2022-05-05 15:31:15.856,164.03694651527013,15.998257902951238,103.75390121860532,15.998257902951238,C2.1,163.62642405107283,3.5383998825501424,0.7372146592465911
2205051811,2022-05-05 18:06:43.772,2022-05-05 18:11:55.772,2022-05-05 18:22:03.773,164.8202379834436,18.659434191416373,102.79251032874286,18.65943419141637,C1.1,2205052011,2022-05-05 19:00:35.777,2022-05-05 20:11:55.785,2022-05-05 20:36:59.788,145.3632664190336,14.827763737963735,82.23400387693616,14.827763737963735,C2.4,163.6913002895631,3.5264639723500477,0.7392956235364321
2205052340,2022-05-05 23:39:35.606,2022-05-05 23:40:27.606,2022-05-05 23:42:07.606,168.38507495147553,15.78284300742948,103.34160765541348,15.78284300742948,C1.5,2205060025,2022-05-06 00:23:51.611,2022-05-06 00:25:03.611,2022-05-06 00:28:47.611,147.2729841987146,15.966469654758663,81.8201082507893,15.966469654758662,C1.5,163.74315093001297,3.5167107189287243,0.740988190022648
2205091808,2022-05-09 18:06:31.966,2022-05-09 18:08:59.966,2022-05-09 18:11:15.967,-162.1810665005699,15.546603733139882,82.93852651288117,15.546603733139882,C1.3,2205091856,2022-05-09 18:47:15.970,2022-05-09 18:56:03.971,2022-05-09 19:12:15.973,-139.0212391990299,18.107746585669364,105.6662084137881,18.107746585669364,C1.0,164.6331461419928,3.306184892289598,0.77594433785541
2205100158,2022-05-10 01:55:08.014,2022-05-10 01:58:40.015,2022-05-10 02:02:48.015,-138.05964555292192,17.707144341515615,102.74763949823952,17.707144341515615,C1.5,2205100251,2022-05-10 02:48:40.020,2022-05-10 02:51:00.021,2022-05-10 02:53:24.021,-156.88578506376686,15.440210327711752,83.44098943509269,15.440210327711752,C1.0,164.69235208003602,3.287714687051704,0.7788781577926847
2209271459,2022-09-27 14:53:12.025,2022-09-27 14:59:04.026,2022-09-27 15:06:12.026,-133.1618351436249,21.31064763437369,49.13348578188869,21.31064763437369,C1.3,2209271538,2022-09-27 15:36:20.030,2022-09-27 15:38:56.030,2022-09-27 15:42:44.030,-152.93669828290624,29.80103124710172,28.993235066956373,29.80103124710172,C1.1,174.07367905820277,-7.592142452626793,0.435266694018065
2209271538,2022-09-27 15:36:20.030,2022-09-27 15:38:56.030,2022-09-27 15:42:44.030,-152.93669828290624,29.80103124710172,28.993235066956373,29.80103124710172,C1.1,2209271642,2022-09-27 15:44:04.030,2022-09-27 16:42:24.037,2022-09-27 17:07:28.039,-126.56568980097032,19.954427824419056,54.78255679103468,19.954427824419056,C2.1,174.18501753852607,-7.59890710231229,0.4346665759398326
2210041719,2022-10-04 17:16:36.110,2022-10-04 17:19:16.110,2022-10-04 17:32:40.111,-168.1674599667844,-14.22468568544661,280.4658627742928,-14.224685685446614,C1.3,2210041841,2022-10-04 18:16:44.116,2022-10-04 18:41:08.119,2022-10-04 19:06:28.122,-141.7675060584849,-13.331599248798195,306.1156222944866,-13.331599248798192,C1.3,-161.03997165839013,-7.78566814999553,0.3438428144901176
2211091328,2022-11-09 13:25:32.090,2022-11-09 13:28:12.090,2022-11-09 13:34:48.091,-5.248421583017489,26.43871045708257,330.71246156604934,26.43871045708257,C1.1,2211091515,2022-11-09 14:19:20.095,2022-11-09 15:15:20.102,2022-11-09 15:20:44.102,-20.49795271572981,15.332427563327055,314.4820826482369,15.332427563327055,C1.0,-22.896092965187563,7.938198338137814,0.6006863365749462
2212091800,2022-12-09 17:59:12.342,2022-12-09 18:00:32.342,2022-12-09 18:11:44.343,-80.3508779708896,-20.107854747460134,217.72081895059983,-20.107854747460134,C1.7,2212091923,2022-12-09 19:19:24.351,2022-12-09 19:23:52.351,2022-12-09 19:51:52.354,-63.10037561843194,-15.238355639507253,234.20878790463289,-15.238355639507253,C1.7,-16.280832073965996,5.759026214278972,0.8649338969858037
2212240324,2022-12-24 02:37:52.598,2022-12-24 03:24:08.603,2022-12-24 03:46:24.605,-9.084719562110196,23.835637691928078,99.39054360916688,23.835637691928078,C1.6,2212240413,2022-12-24 04:07:40.607,2022-12-24 04:13:00.608,2022-12-24 04:24:36.609,17.61745120257753,15.894732158461643,125.64571631928636,15.894732158461649,C4.1,-19.07811551780486,4.512455530908254,0.9275001238665398
2301132012,2023-01-13 20:00:52.405,2023-01-13 20:12:00.406,2023-01-13 20:30:52.408,-67.8872729296483,9.553714379219082,127.96644716000328,9.553714379219082,C3.3,2301132047,2023-01-13 20:40:32.409,2023-01-13 20:47:32.410,2023-01-13 21:00:36.411,-87.10802672401081,21.001013317755294,108.42075935284008,21.001013317755294,C5.0,-24.91337069813505,2.6237505816937787,0.9531834096462348
2301150605,2023-01-15 05:58:40.317,2023-01-15 06:05:36.318,2023-01-15 06:15:48.319,-54.27473741428099,-19.37180684079396,122.98304085868452,-19.37180684079396,C7.6,2301150648,2023-01-15 06:47:24.322,2023-01-15 06:48:40.322,2023-01-15 06:55:00.323,-31.76921661956516,-27.31705147075256,145.09474936269154,-27.31705147075256,C5.7,-25.332367678740297,2.487945877396574,0.9522301690693264
2301150648,2023-01-15 06:47:24.322,2023-01-15 06:48:40.322,2023-01-15 06:55:00.323,-31.76921661956516,-27.31705147075256,145.09474936269154,-27.31705147075256,C5.7,2301150707,2023-01-15 07:00:40.324,2023-01-15 07:07:28.324,2023-01-15 07:14:24.325,-53.02789607645627,-19.824518122206943,123.6641580659446,-19.82451812220694,C5.7,-25.33622012647561,2.486689948904734,0.9522197755320152
2301151210,2023-01-15 12:09:08.356,2023-01-15 12:10:52.356,2023-01-15 12:15:24.356,-44.90652881717841,9.415767604902614,129.0111663950894,9.415767604902616,C8.4,2301151313,2023-01-15 13:05:12.361,2023-01-15 13:13:36.362,2023-01-15 13:48:28.366,-62.1192103048096,20.24536674037456,111.22483835695932,20.245366740374564,C4.5,-25.41121741163306,2.4622115919350693,0.9520114842556532
2301152012,2023-01-15 20:08:12.406,2023-01-15 20:12:00.406,2023-01-15 20:28:52.408,-23.714724594605,-27.80136969612268,145.8033987385041,-27.80136969612268,C3.4,2301152125,2023-01-15 21:21:32.413,2023-01-15 21:25:40.414,2023-01-15 22:02:44.417,-49.03172848471593,-17.417590780077035,119.81277549408507,-17.417590780077035,C4.8,-25.511915352116542,2.4292566127853545,0.9517139424328808
2302062021,2023-02-06 20:16:32.802,2023-02-06 20:21:24.803,2023-02-06 20:26:48.803,-14.769903881936386,27.1740858921463,224.9932790231466,27.1740858921463,C2.1,2302062131,2023-02-06 21:20:00.809,2023-02-06 21:31:36.810,2023-02-06 21:38:04.811,-36.038098965353925,8.907512887034722,203.08317684366412,8.90751288703472,C1.5,-31.17930608106502,0.1198837717176834,0.8893575243361159
2302070606,2023-02-07 05:52:16.763,2023-02-07 06:06:00.764,2023-02-07 06:17:44.765,-9.279034801391616,27.05062827996516,225.1385881279838,27.05062827996516,C3.6,2302070713,2023-02-07 07:08:04.771,2023-02-07 07:13:56.771,2023-02-07 07:17:56.772,-29.356434258608147,10.295755554231736,204.4400061464488,10.295755554231736,C2.3,-31.25609024607155,0.0728874212861307,0.8873955083352567
2302070713,2023-02-07 07:08:04.771,2023-02-07 07:13:56.771,2023-02-07 07:17:56.772,-29.356434258608147,10.295755554231736,204.4400061464488,10.295755554231736,C2.3,2302070831,2023-02-07 08:08:28.778,2023-02-07 08:31:12.779,2023-02-07 08:45:00.781,-8.157265190911573,27.22791477267914,224.93264842044172,27.22791477267914,C3.2,-31.266165871873117,0.0666358158689092,0.887132892247212
2302080118,2023-02-08 01:16:16.884,2023-02-08 01:18:04.885,2023-02-08 01:37:28.887,-17.091554859041594,10.280807719900965,206.7915405212852,10.280807719900965,C2.5,2302080252,2023-02-08 01:45:56.887,2023-02-08 02:52:36.894,2023-02-08 03:11:48.896,-0.2753951118580175,29.231448003711176,222.74328255166589,29.231448003711176,M2.1,-31.406859126674703,-0.0228886916909182,0.8833310643274539
2302082109,2023-02-08 21:04:13.009,2023-02-08 21:09:33.009,2023-02-08 21:16:01.010,8.493697973290194,28.81859884916724,221.48192952756904,28.81859884916725,M1.7,2302082211,2023-02-08 22:09:05.015,2023-02-08 22:11:01.016,2023-02-08 22:14:45.016,-6.53094931457963,11.180457533760702,205.89522445020063,11.180457533760702,M1.0,-31.548747140104865,-0.1178907993034343,0.8792144519715295
2302082245,2023-02-08 22:43:05.019,2023-02-08 22:45:01.019,2023-02-08 22:52:01.020,-74.96935127023443,-8.32742591623905,137.1459229096363,-8.32742591623905,C7.1,2302082312,2023-02-08 23:05:09.021,2023-02-08 23:12:17.022,2023-02-08 23:50:25.026,-95.37629618207173,-13.334620977205558,116.48964859477375,-13.334620977205558,C6.8,-31.55607257024343,-0.1229399390018727,0.8789933489486412
2302090716,2023-02-09 07:11:19.772,2023-02-09 07:16:47.773,2023-02-09 07:35:51.775,-68.61800208701231,-11.490798404482929,138.8175094151845,-11.490798404482923,M1.1,2302090813,2023-02-09 08:10:51.678,2023-02-09 08:13:31.679,2023-02-09 08:17:59.679,-85.5777859875273,-18.54520256176601,121.33896359580258,-18.54520256176601,C4.0,-31.619988899254224,-0.167653949776266,0.8770252936574164
2302102127,2023-02-10 21:26:07.814,2023-02-10 21:27:51.814,2023-02-10 21:35:11.815,-47.26593163671549,-11.395948125924734,139.21967380640058,-11.395948125924733,C2.6,2302102238,2023-02-10 22:33:35.821,2023-02-10 22:38:07.821,2023-02-10 23:13:15.825,-63.80221949447298,-18.172242959346907,122.04085074017075,-18.172242959346907,M1.3,-31.875489646225788,-0.3602858076023645,0.8683469232681266
2302110919,2023-02-11 09:16:19.688,2023-02-11 09:19:31.689,2023-02-11 09:41:19.691,-42.07989413647368,-11.281173370635926,137.89807986608463,-11.281173370635926,C7.3,2302111055,2023-02-11 10:45:59.698,2023-02-11 10:55:47.699,2023-02-11 11:54:11.705,-56.49151525067538,-18.230223432674077,122.60616986389638,-18.230223432674077,M1.5,-31.95131104508061,-0.4227336934827094,0.8654665009960045
2302111055,2023-02-11 10:45:59.698,2023-02-11 10:55:47.699,2023-02-11 11:54:11.705,-56.49151525067538,-18.230223432674077,122.60616986389638,-18.230223432674077,M1.5,2302111207,2023-02-11 11:57:27.705,2023-02-11 12:07:23.707,2023-02-11 13:01:35.612,-40.26742819843645,-11.250677637268664,138.17552643225588,-11.250677637268664,M1.5,-31.95851055794401,-0.4288160015677291,0.8651842567545912
2302222259,2023-02-22 22:52:02.643,2023-02-22 22:59:54.644,2023-02-22 23:31:38.647,-47.92257355694864,25.228561151947343,339.697480092742,25.22856115194734,C2.8,2302230018,2023-02-23 00:09:14.651,2023-02-23 00:18:30.652,2023-02-23 00:23:38.653,-22.76827988193878,18.537286227942847,4.13289432700464,18.53728622794285,C1.6,-32.66523973476603,-1.9516665661930304,0.7868622768927447
2302230128,2023-02-23 01:17:22.658,2023-02-23 01:28:22.660,2023-02-23 01:32:38.660,-46.59242355439517,24.37794361298925,339.6697455467086,24.37794361298925,C1.5,2302230218,2023-02-23 02:11:54.564,2023-02-23 02:18:46.565,2023-02-23 02:30:50.566,-21.78414847902343,18.714952439245423,4.017073682102989,18.71495243924543,C1.9,-32.661705927656214,-1.9636774594927149,0.7861967357478576
2302230240,2023-02-23 02:38:38.567,2023-02-23 02:40:02.567,2023-02-23 02:43:18.568,-21.907615199172252,18.096263192212103,3.699100297453146,18.096263192212103,C1.8,2302230407,2023-02-23 03:29:42.572,2023-02-23 04:07:38.576,2023-02-23 04:36:34.579,-43.58453628171469,24.910644416130168,341.2209814174512,24.910644416130168,C7.9,-32.65837444784654,-1.9745635389991745,0.7855930332586083
2302230407,2023-02-23 03:29:42.572,2023-02-23 04:07:38.576,2023-02-23 04:36:34.579,-43.58453628171469,24.910644416130168,341.2209814174512,24.910644416130168,C7.9,2302230442,2023-02-23 04:40:58.580,2023-02-23 04:42:14.580,2023-02-23 04:54:22.581,-19.866839574788344,18.772732202008573,4.622222796352709,18.772732202008573,C4.4,-32.657289158222625,-1.9780260534229623,0.7854009177917308
2302230612,2023-02-23 05:59:18.588,2023-02-23 06:12:02.590,2023-02-23 06:41:38.593,-19.246109874077888,18.685770305369974,4.4216309596714485,18.685770305369974,M1.5,2302230712,2023-02-23 07:10:22.596,2023-02-23 07:12:50.596,2023-02-23 07:19:02.597,-40.695433195639566,23.834387468255752,342.416222765049,23.83438746825575,C2.2,-32.6524159688646,-1.9931122011742128,0.784563329031618
2302230725,2023-02-23 07:24:06.597,2023-02-23 07:25:14.597,2023-02-23 07:29:26.598,-42.9072921934893,25.1216165948689,340.09095166333015,25.1216165948689,C2.2,2302230747,2023-02-23 07:38:54.599,2023-02-23 07:47:26.600,2023-02-23 07:54:26.600,-18.55498376760943,18.907908599808877,4.240215576726716,18.907908599808877,C2.3,-32.651261950155174,-1.996581708469016,0.784370576185237
2302230808,2023-02-23 07:58:22.601,2023-02-23 08:08:54.602,2023-02-23 08:22:42.603,-18.24337873316739,18.866877468026303,4.355483317396507,18.86687746802631,C7.3,2302230843,2023-02-23 08:27:10.604,2023-02-23 08:43:38.606,2023-02-23 09:37:38.611,-40.00184958080723,24.37731628582894,342.2793359754695,24.37731628582894,M1.3,-32.64936000988331,-2.0022199419868363,0.7840572381977476
2302230843,2023-02-23 08:27:10.604,2023-02-23 08:43:38.606,2023-02-23 09:37:38.611,-40.00184958080723,24.37731628582894,342.2793359754695,24.37731628582894,M1.3,2302230941,2023-02-23 09:40:10.612,2023-02-23 09:41:58.612,2023-02-23 09:44:42.612,-17.618423608322132,18.7804939491976,4.129235724864804,18.7804939491976,C5.4,-32.647349804628504,-2.0080758600341446,0.7837316734853254
2302230957,2023-02-23 09:55:22.613,2023-02-23 09:57:06.613,2023-02-23 10:00:22.614,-18.13873427179567,17.892609530513646,3.4705130874892647,17.892609530513646,C4.0,2302231019,2023-02-23 10:08:06.615,2023-02-23 10:19:18.616,2023-02-23 10:22:14.616,-39.67739402879357,24.32217498150486,341.7288081344704,24.32217498150486,C3.1,-32.64604395319395,-2.011825606360849,0.7835231342440648
2302231040,2023-02-23 10:34:10.617,2023-02-23 10:40:10.618,2023-02-23 10:52:18.619,-38.39419326984995,24.13949220854651,342.82115863755604,24.13949220854651,C2.4,2302231054,2023-02-23 10:53:22.619,2023-02-23 10:54:54.620,2023-02-23 10:58:14.620,-17.517097664806215,17.810025567215536,3.563500404499765,17.810025567215536,C2.9,-32.64478466086723,-2.0154026828416747,0.7833241478741783
2302231054,2023-02-23 10:53:22.619,2023-02-23 10:54:54.620,2023-02-23 10:58:14.620,-17.517097664806215,17.810025567215536,3.563500404499765,17.810025567215536,C2.9,2302231108,2023-02-23 10:59:30.620,2023-02-23 11:08:06.621,2023-02-23 11:20:30.622,-38.39341394320712,24.136505517994895,342.56645452624844,24.136505517994895,C2.9,-32.644314237953154,-2.0167293675800413,0.7832503343755558
2302231131,2023-02-23 11:22:14.622,2023-02-23 11:31:26.523,2023-02-23 12:04:38.527,-38.95289413739437,25.194279788658747,341.7935785444296,25.194279788658747,C3.2,2302231226,2023-02-23 12:18:22.528,2023-02-23 12:26:30.529,2023-02-23 12:51:38.532,-16.364708643565848,18.6107564419581,3.878113368259808,18.61075644195809,C6.6,-32.641481245313855,-2.024612855035853,0.7828115783471524
2302231226,2023-02-23 12:18:22.528,2023-02-23 12:26:30.529,2023-02-23 12:51:38.532,-16.364708643565848,18.6107564419581,3.878113368259808,18.61075644195809,C6.6,2302231259,2023-02-23 12:55:30.532,2023-02-23 12:59:54.533,2023-02-23 13:16:34.535,-36.76390299023757,24.22320312879745,343.17343563063247,24.22320312879745,C2.6,-32.64025398128291,-2.027973508922902,0.7826244692567512
2302231427,2023-02-23 13:52:26.538,2023-02-23 14:27:50.542,2023-02-23 14:55:06.545,-36.69629825111088,24.85992952725559,342.43678283620085,24.85992952725559,C4.3,2302231510,2023-02-23 15:03:22.546,2023-02-23 15:10:34.547,2023-02-23 15:21:54.548,-14.712352641116638,18.713766152852383,4.029879346348899,18.713766152852383,C7.5,-32.63533564150447,-2.041132794128373,0.7818913972843826
2302231510,2023-02-23 15:03:22.546,2023-02-23 15:10:34.547,2023-02-23 15:21:54.548,-14.712352641116638,18.713766152852383,4.029879346348899,18.713766152852383,C7.5,2302231528,2023-02-23 15:24:46.548,2023-02-23 15:28:06.548,2023-02-23 15:41:22.550,-36.44127679848185,24.16334876599656,342.14059125706365,24.16334876599656,C2.6,-32.634661457413245,-2.0428999884842773,0.7817929015298003
2302231815,2023-02-23 17:51:22.564,2023-02-23 18:15:06.566,2023-02-23 18:50:26.570,-12.721783084517313,18.77986549451642,4.332659770509872,18.77986549451642,C8.9,2302231922,2023-02-23 19:12:34.572,2023-02-23 19:22:30.573,2023-02-23 19:39:06.575,-33.62351769516209,23.42199479415168,342.81446572429525,23.42199479415168,C2.3,-32.62532350069205,-2.066558011650357,0.780473182392716
2303182037,2023-03-18 20:34:12.887,2023-03-18 20:37:04.888,2023-03-18 20:40:32.888,-83.99738974679343,-24.943192386509807,348.6966271857357,-24.94319238650981,C1.2,2303182051,2023-03-18 20:46:40.889,2023-03-18 20:51:04.889,2023-03-18 20:54:36.890,-63.23761053112997,-23.57054976273851,9.32823847002231,-23.57054976273851,C1.3,-20.713822185796005,-6.14572734341579,0.5364096003219129
2303182051,2023-03-18 20:46:40.889,2023-03-18 20:51:04.889,2023-03-18 20:54:36.890,-63.23761053112997,-23.57054976273851,9.32823847002231,-23.57054976273851,C1.3,2303182240,2023-03-18 22:06:20.897,2023-03-18 22:40:20.901,2023-03-18 22:54:52.902,-82.01596867777528,-25.224105641184806,349.5495574618621,-25.224105641184806,C2.0,-20.615318787425963,-6.161256343267302,0.5354255610038556
2303182346,2023-03-18 23:34:32.906,2023-03-18 23:46:36.908,2023-03-19 00:01:56.909,-82.5607565139814,-24.49736938392284,348.3981047456413,-24.49736938392284,C1.8,2303190028,2023-03-19 00:12:04.910,2023-03-19 00:28:04.912,2023-03-19 00:48:20.914,-60.07952327698183,-23.70031771590555,10.49971406837865,-23.70031771590555,C2.3,-20.517554516718175,-6.176567563541071,0.5344543789176761
2303190028,2023-03-19 00:12:04.910,2023-03-19 00:28:04.912,2023-03-19 00:48:20.914,-60.07952327698183,-23.70031771590555,10.49971406837865,-23.70031771590555,C2.3,2303190131,2023-03-19 01:05:40.916,2023-03-19 01:31:44.919,2023-03-19 02:05:36.922,-80.96208995719314,-25.055690382025286,349.0342831570582,-25.05569038202529,C2.2,-20.45947730313412,-6.185615870999661,0.5338800017631867
2303190131,2023-03-19 01:05:40.916,2023-03-19 01:31:44.919,2023-03-19 02:05:36.922,-80.96208995719314,-25.055690382025286,349.0342831570582,-25.05569038202529,C2.2,2303190211,2023-03-19 02:08:00.923,2023-03-19 02:11:32.923,2023-03-19 02:17:08.924,-59.20106808231753,-23.8281083337948,10.430938027527922,-23.8281083337948,C2.8,-20.423057036920568,-6.191272165043424,0.5335207747064042
2303190303,2023-03-19 02:30:20.925,2023-03-19 03:03:20.933,2023-03-19 03:09:20.934,-60.08492704078287,-24.033213616282367,9.072851212191347,-24.033213616282364,C1.5,2303190325,2023-03-19 03:21:28.931,2023-03-19 03:25:04.931,2023-03-19 03:33:40.932,-79.1240636247287,-25.318398564887342,349.8347471428817,-25.318398564887342,C1.7,-20.355535630248937,-6.201722328421529,0.5328567417605539
2303190345,2023-03-19 03:43:40.933,2023-03-19 03:45:20.933,2023-03-19 03:47:16.933,-79.67745217273273,-25.244921101156205,349.0958176434658,-25.244921101156205,C1.4,2303190352,2023-03-19 03:51:24.934,2023-03-19 03:52:24.934,2023-03-19 03:53:28.934,-58.1918650221748,-23.65494307571562,10.516709518182171,-23.654943075715614,C2.4,-20.330359922702257,-6.2056066937335865,0.5326098011024293
2303190352,2023-03-19 03:51:24.934,2023-03-19 03:52:24.934,2023-03-19 03:53:28.934,-58.1918650221748,-23.65494307571562,10.516709518182171,-23.654943075715614,C2.4,2303190412,2023-03-19 04:01:40.935,2023-03-19 04:12:24.936,2023-03-19 04:21:40.937,-79.0821631894176,-25.32889679778141,349.4433115576193,-25.32889679778141,C1.5,-20.311912142724225,-6.208448870673587,0.532429074940785
2303191335,2023-03-19 13:30:20.995,2023-03-19 13:35:36.996,2023-03-19 13:47:56.997,-72.74330100401829,-26.91954919332143,350.6260325132958,-26.91954919332143,C1.2,2303191434,2023-03-19 14:24:37.001,2023-03-19 14:34:37.002,2023-03-19 15:32:33.008,-51.48283887806957,-24.274535179091625,11.346339263953285,-24.27453517909162,C1.4,-19.726650187958853,-6.296836640589315,0.5267908877806945
2303191703,2023-03-19 17:01:17.018,2023-03-19 17:03:09.018,2023-03-19 17:20:25.020,-67.15144212418465,-23.797185596529392,354.3178822858907,-23.797185596529385,C1.9,2303191804,2023-03-19 18:01:09.024,2023-03-19 18:04:05.024,2023-03-19 18:17:37.026,-49.83570552079578,-24.50245376659383,11.075759567870245,-24.50245376659383,C4.9,-19.524584294887237,-6.326570064187069,0.5248859943696826
2303191804,2023-03-19 18:01:09.024,2023-03-19 18:04:05.024,2023-03-19 18:17:37.026,-49.83570552079578,-24.50245376659383,11.075759567870245,-24.50245376659383,C4.9,2303191903,2023-03-19 18:58:49.030,2023-03-19 19:03:05.030,2023-03-19 19:15:37.032,-68.5715482984694,-28.190206958440168,351.7997564612398,-28.190206958440164,C2.3,-19.467202814879045,-6.334942087353445,0.5243488432463129
2303191903,2023-03-19 18:58:49.030,2023-03-19 19:03:05.030,2023-03-19 19:15:37.032,-68.5715482984694,-28.190206958440168,351.7997564612398,-28.190206958440164,C2.3,2303191957,2023-03-19 19:54:29.036,2023-03-19 19:57:53.036,2023-03-19 20:26:53.039,-50.794636323622,-25.343585409447616,9.074959152992228,-25.343585409447616,C1.2,-19.41372142105422,-6.3427168595852095,0.5238496937558734
2303191957,2023-03-19 19:54:29.036,2023-03-19 19:57:53.036,2023-03-19 20:26:53.039,-50.794636323622,-25.343585409447616,9.074959152992228,-25.343585409447616,C1.2,2303192113,2023-03-19 21:10:57.044,2023-03-19 21:13:09.044,2023-03-19 21:15:13.045,-69.17085861876438,-26.894857456356707,350.0096480284517,-26.89485745635671,C1.1,-19.339974796864052,-6.353393224093916,0.5231637531099945
2303280851,2023-03-28 08:42:40.037,2023-03-28 08:51:52.038,2023-03-28 09:17:52.040,49.149267686390765,16.248047473679858,356.4374726973133,16.248047473679858,C1.4,2303280924,2023-03-28 09:22:24.041,2023-03-28 09:24:52.041,2023-03-28 09:30:08.042,23.00379129245293,19.002843412476263,329.98972304248065,19.002843412476263,C1.1,-1.4317875056084972,-7.8452872502136275,0.4083638318459521
2303281639,2023-03-28 16:23:48.086,2023-03-28 16:39:16.086,2023-03-28 16:59:16.088,46.01678459825267,22.17431588362883,349.0236601023872,22.17431588362883,C1.5,2303281710,2023-03-28 16:59:28.088,2023-03-28 17:10:24.089,2023-03-28 17:16:48.090,27.9045467169531,21.54492486291849,330.6262414807365,21.54492486291849,C1.5,-0.4493354429737337,-7.87800611954519,0.404037623350923
2304150537,2023-04-15 05:33:08.732,2023-04-15 05:37:44.733,2023-04-15 06:03:48.735,70.46062327537649,-31.047252330310705,141.98673551882075,-31.047252330310705,C3.2,2304150639,2023-04-15 06:07:40.736,2023-04-15 06:39:16.739,2023-04-15 07:26:08.744,44.254637503434736,-8.604330344516715,115.2165857159241,-8.604330344516715,C5.0,95.22854024881896,1.835525141775037,0.3119833463265384
2304151716,2023-04-15 17:07:20.608,2023-04-15 17:16:48.609,2023-04-15 18:14:00.615,55.25517040812677,-9.318241302588332,120.3719011151468,-9.318241302588332,C5.5,2304151804,2023-04-15 18:01:16.614,2023-04-15 18:04:12.614,2023-04-15 18:08:44.614,38.62371493121741,-27.060916253099595,103.3058520644932,-27.0609162530996,C2.6,97.91935439932554,2.263684566320098,0.3158368526359686
2304151804,2023-04-15 18:01:16.614,2023-04-15 18:04:12.614,2023-04-15 18:08:44.614,38.62371493121741,-27.060916253099595,103.3058520644932,-27.0609162530996,C2.6,2304151811,2023-04-15 18:10:48.615,2023-04-15 18:11:28.615,2023-04-15 18:12:28.615,57.88673473037103,-9.275296132155889,122.50224631068542,-9.275296132155889,C2.2,97.94749409675734,2.268136245593887,0.3158792733052626
2304170408,2023-04-17 04:04:28.633,2023-04-17 04:08:48.634,2023-04-17 05:04:28.640,72.52346527733441,-7.120049495574541,118.45876171200818,-7.12004949557454,C4.2,2304170529,2023-04-17 05:27:20.642,2023-04-17 05:29:12.642,2023-04-17 05:32:44.643,55.56553499599648,-21.807621143461088,100.7636193047036,-21.807621143461088,C1.4,105.7701421319828,3.4782318373731798,0.3294919414888109
2304170529,2023-04-17 05:27:20.642,2023-04-17 05:29:12.642,2023-04-17 05:32:44.643,55.56553499599648,-21.807621143461088,100.7636193047036,-21.807621143461088,C1.4,2304170638,2023-04-17 06:22:00.648,2023-04-17 06:38:24.650,2023-04-17 06:54:36.652,73.13606253124397,-8.504557436391602,117.6996290748508,-8.504557436391602,C7.1,106.01283205241026,3.514736057818076,0.3299755114952799
2304181356,2023-04-18 13:54:08.753,2023-04-18 13:56:24.754,2023-04-18 13:59:24.754,71.28293178553852,-23.298391502175168,98.62590281519778,-23.298391502175168,C1.3,2304181427,2023-04-18 14:19:28.756,2023-04-18 14:27:48.757,2023-04-18 15:11:32.762,89.66357259907788,-8.084232284754174,116.71860638765254,-8.084232284754172,C2.5,112.38411990439174,4.444458409340771,0.344137307398956
2304181910,2023-04-18 19:01:32.687,2023-04-18 19:10:36.688,2023-04-18 19:44:20.691,73.73502522303251,-24.207197666632396,98.19678914110148,-24.207197666632396,C2.0,2304181957,2023-04-18 19:55:28.692,2023-04-18 19:57:12.693,2023-04-18 20:04:48.693,90.11291380507924,-9.18753067214157,114.14735156508942,-9.18753067214157,C1.3,113.42027020026744,4.5898377630269,0.346724713844787
2304182057,2023-04-18 20:46:16.698,2023-04-18 20:57:36.699,2023-04-18 21:04:56.700,90.95883820691408,-9.36413842367975,114.43940152422893,-9.364138423679751,C1.5,2304182113,2023-04-18 21:08:36.700,2023-04-18 21:13:36.701,2023-04-18 21:25:24.702,75.34732760647753,-24.28816790367743,98.6811689410244,-24.288167903677422,C1.4,113.65797870202373,4.622936325262996,0.3473302646485597
2304190645,2023-04-19 06:42:40.761,2023-04-19 06:45:44.761,2023-04-19 06:56:12.762,102.04785125732566,-7.815531708005951,120.13510169230088,-7.815531708005949,C1.2,2304190700,2023-04-19 06:58:44.762,2023-04-19 07:00:28.762,2023-04-19 07:03:52.763,81.1642098518464,-24.04907002005452,99.11635087433518,-24.049070020054515,C1.1,115.4513755031019,4.86948088691763,0.3520467684357826
2304200717,2023-04-20 07:10:04.718,2023-04-20 07:17:16.719,2023-04-20 07:32:08.720,93.47774566044474,-23.79603789445359,98.07019753533456,-23.79603789445359,C1.8,2304200741,2023-04-20 07:37:00.721,2023-04-20 07:41:20.721,2023-04-20 08:16:56.725,115.32965332115462,-7.877964415006669,119.70139319194163,-7.877964415006669,C2.6,119.7258639553098,5.432822347640814,0.3644065510347619
2304200741,2023-04-20 07:37:00.721,2023-04-20 07:41:20.721,2023-04-20 08:16:56.725,115.32965332115462,-7.877964415006669,119.70139319194163,-7.877964415006669,C2.6,2304200846,2023-04-20 08:23:04.726,2023-04-20 08:46:28.728,2023-04-20 08:53:48.729,94.44420879716348,-23.65352461762892,98.21861874397794,-23.65352461762892,C1.7,119.90581507093675,5.455734311356105,0.3649636078442502
2304201052,2023-04-20 10:48:56.641,2023-04-20 10:52:16.642,2023-04-20 10:58:08.642,95.43311923797444,-24.16408235097529,98.05384336895943,-24.1640823509753,C2.4,2304201123,2023-04-20 11:20:24.645,2023-04-20 11:23:20.645,2023-04-20 11:26:44.645,116.217670345209,-7.762725256076196,118.55348388610192,-7.762725256076196,C1.2,120.33647662866946,5.510289862729032,0.3663094188786587
2304202329,2023-04-20 23:19:56.722,2023-04-20 23:29:52.723,2023-04-20 23:35:28.724,103.32162941108204,-23.363382883001247,98.99434428864454,-23.363382883001247,C1.3,2304202346,2023-04-20 23:38:52.724,2023-04-20 23:46:28.725,2023-04-21 00:28:32.729,123.15106723543464,-7.289064128899635,118.67153976291172,-7.289064128899635,C1.3,122.32501268427085,5.756977023925519,0.3727615571406525
2305170948,2023-05-17 09:46:03.421,2023-05-17 09:48:15.421,2023-05-17 09:59:55.422,130.2402386822642,17.535742459710367,136.60022362093702,17.535742459710367,C1.3,2305171010,2023-05-17 10:06:43.423,2023-05-17 10:10:31.424,2023-05-17 10:11:23.424,147.54938124237708,13.84570367859778,153.70486176498306,13.84570367859778,C1.2,162.31871478362294,7.448016771414989,0.7000614537849321
2305191457,2023-05-19 14:53:31.461,2023-05-19 14:57:15.462,2023-05-19 15:03:43.462,148.86591146013564,10.54785675552664,125.93579667154142,10.54785675552664,C1.9,2305191600,2023-05-19 15:49:11.465,2023-05-19 16:00:07.466,2023-05-19 16:25:15.469,167.43509717282708,15.829983120335298,143.9275415421134,15.829983120335298,C5.2,163.1171761426989,7.28969958500352,0.721972718583886
2305192056,2023-05-19 20:44:31.396,2023-05-19 20:56:27.397,2023-05-19 21:08:27.398,169.57759306531975,15.305023459555304,143.34816551144144,15.305023459555306,M1.6,2305192111,2023-05-19 21:08:35.398,2023-05-19 21:11:15.399,2023-05-19 21:37:47.401,153.2181223450374,10.852822021896298,126.85275283411842,10.852822021896294,M1.5,163.1848052142997,7.273971620280476,0.7240261676042007
2305192325,2023-05-19 23:12:15.411,2023-05-19 23:25:23.413,2023-05-19 23:51:39.416,148.42264466727883,11.736410488341964,120.82522259654544,11.736410488341964,C2.1,2305200017,2023-05-20 00:10:11.418,2023-05-20 00:17:51.418,2023-05-20 01:00:11.323,171.05310853327663,14.549008577223304,142.97376407519047,14.549008577223304,C3.0,163.22462421537992,7.264502784938044,0.7252528926605621
2306190721,2023-06-19 07:19:26.901,2023-06-19 07:21:06.901,2023-06-19 07:25:10.902,130.20506188569,-15.01152001313141,61.24288946304344,-15.01152001313141,C1.7,2306190900,2023-06-19 08:49:14.910,2023-06-19 09:00:22.911,2023-06-19 09:48:58.916,152.3024742048135,-14.894816666927913,82.42786016826352,-14.894816666927907,C1.7,163.38541112300905,4.736985155848094,0.919154442974524
2306250636,2023-06-25 06:18:15.597,2023-06-25 06:36:43.599,2023-06-25 06:50:15.601,127.4795741212602,-22.372799373893184,339.50699548581474,-22.372799373893184,C1.2,2306250740,2023-06-25 07:38:19.606,2023-06-25 07:40:35.606,2023-06-25 07:52:07.607,153.3755398537014,-11.319223570904445,4.815893877554768,-11.319223570904445,C1.3,162.2830033253034,4.212094697273033,0.9368505753691336
2307121232,2023-07-12 12:30:56.294,2023-07-12 12:32:36.294,2023-07-12 12:35:44.295,175.36390889892607,15.93598746581166,159.11232605006612,15.93598746581166,C2.9,2307121253,2023-07-12 12:45:16.296,2023-07-12 12:53:56.296,2023-07-12 13:14:56.299,-169.33830240727565,12.88851227536526,174.21406056045623,12.88851227536526,C2.9,158.4761089141627,2.631624530318818,0.9532514809857272
2307280754,2023-07-28 07:49:08.586,2023-07-28 07:54:20.586,2023-07-28 08:44:56.592,94.76580506148927,20.520586346666207,229.375916845927,20.520586346666207,C3.3,2307280853,2023-07-28 08:48:32.592,2023-07-28 08:53:20.592,2023-07-28 09:05:24.594,116.22986562951736,4.475841019999024,250.29798610570572,4.475841019999024,C1.8,155.05328793082006,1.0401532291091058,0.9229621598782471
2307281251,2023-07-28 12:48:24.617,2023-07-28 12:51:08.617,2023-07-28 12:53:56.618,-169.93196026248432,-14.21804971265206,321.9516657474033,-14.21804971265206,C1.9,2307281354,2023-07-28 13:46:44.623,2023-07-28 13:54:36.624,2023-07-28 14:27:32.627,-149.5020659321653,-24.30501914232537,341.79853992620843,-24.30501914232537,C2.9,155.01376408987932,1.0177936789549298,0.9222664861408753
2307281742,2023-07-28 17:36:16.647,2023-07-28 17:42:08.648,2023-07-28 17:50:24.649,-166.93071655017087,-14.305725892657376,322.2797191233633,-14.305725892657376,C1.8,2307281802,2023-07-28 17:56:00.649,2023-07-28 18:02:20.650,2023-07-28 18:37:20.654,-148.4879445918719,-25.338900379272285,340.5369299989101,-25.338900379272285,C2.0,154.9814317148221,0.999375867457049,0.9216885607687836
2309240644,2023-09-24 06:37:56.776,2023-09-24 06:44:28.776,2023-09-24 06:48:56.777,152.72342567686692,19.803099482325848,241.58273058629732,19.803099482325848,C2.9,2309240709,2023-09-24 06:56:40.774,2023-09-24 07:09:44.775,2023-09-24 08:25:20.784,137.14951030422262,24.94254999078201,225.77720679538484,24.94254999078201,C2.3,-174.3335301516865,-7.861168150587928,0.4063475555845151
2309260214,2023-09-26 02:06:53.856,2023-09-26 02:14:33.857,2023-09-26 02:17:29.857,-153.79620680791885,16.136940180797627,271.13815718085226,16.136940180797627,C1.3,2309260241,2023-09-26 02:33:33.759,2023-09-26 02:41:49.760,2023-09-26 03:06:41.762,-178.4381381760505,25.36286188624604,246.24631113442211,25.36286188624603,C1.8,-168.347344123267,-7.985139960908499,0.3824515158732151
2309260241,2023-09-26 02:33:33.759,2023-09-26 02:41:49.760,2023-09-26 03:06:41.762,-178.4381381760505,25.36286188624604,246.24631113442211,25.36286188624603,C1.8,2309260326,2023-09-26 03:16:17.763,2023-09-26 03:26:37.765,2023-09-26 04:02:09.768,-160.11634934607997,19.711266345824647,264.15745737930035,19.711266345824644,C2.4,-168.2362201615602,-7.986057694529965,0.3820499536224266
2310120558,2023-10-12 05:49:56.441,2023-10-12 05:58:44.442,2023-10-12 06:15:20.444,-44.469857839726046,4.846313046728128,167.2853634152086,4.846313046728128,C2.8,2310120628,2023-10-12 06:26:28.445,2023-10-12 06:28:40.446,2023-10-12 06:30:48.446,-23.062873385052452,19.70669552631004,188.4181447501876,19.706695526310043,C1.8,-76.7934384645663,2.0514286303237705,0.3138573680933978
2311030744,2023-11-03 07:43:36.020,2023-11-03 07:44:48.020,2023-11-03 07:46:44.021,-77.93912348454518,-10.35052970804456,202.7124110884433,-10.350529708044562,C2.3,2311030900,2023-11-03 08:55:40.028,2023-11-03 09:00:32.029,2023-11-03 09:03:48.029,-50.35921838880989,-16.12389069842612,229.5988794062282,-16.12389069842612,C1.6,-17.81719251788735,7.954416161909013,0.5914438099427366
2312180157,2023-12-18 01:52:42.686,2023-12-18 01:57:10.686,2023-12-18 02:11:14.688,-70.08891737319993,13.101837611522464,340.66301713823054,13.101837611522466,C2.0,2312180253,2023-12-18 02:45:14.691,2023-12-18 02:53:46.692,2023-12-18 03:04:54.693,-52.15799591184276,23.472856678891503,358.0761268718202,23.472856678891507,C6.1,-13.133623218555783,4.561904476473696,0.9257955011030352
2312180253,2023-12-18 02:45:14.691,2023-12-18 02:53:46.692,2023-12-18 03:04:54.693,-52.15799591184276,23.472856678891503,358.0761268718202,23.472856678891507,C6.1,2312180406,2023-12-18 03:57:14.699,2023-12-18 04:06:02.700,2023-12-18 04:28:58.703,-71.88023614714086,16.323667294256914,337.6927469125416,16.323667294256914,C4.3,-13.14583707427687,4.557483747786272,0.9259534256894136
2401040934,2024-01-04 08:55:47.061,2024-01-04 09:34:47.065,2024-01-04 09:50:43.067,-48.03630582941662,8.510651348582435,134.60284927701613,8.510651348582437,C3.0,2401041026,2024-01-04 10:20:23.070,2024-01-04 10:26:31.071,2024-01-04 10:36:43.072,-30.01745681332324,1.9973341718815,152.1485579719538,1.9973341718814992,C2.3,-17.914716079432253,2.995450744977544,0.9540638505976158
2401070831,2024-01-07 08:26:03.225,2024-01-07 08:31:31.225,2024-01-07 08:45:07.226,10.984652647019706,2.8700199644686784,154.6940734589574,2.8700199644686784,C3.3,2401071014,2024-01-07 09:51:07.233,2024-01-07 10:14:43.236,2024-01-07 11:18:39.243,-4.451967465324231,7.9717858008614035,138.3136725040314,7.971785800861402,C3.1,-18.79885680937321,2.7135423846042017,0.953682452302284
2401071519,2024-01-07 15:18:11.269,2024-01-07 15:19:31.269,2024-01-07 15:24:39.269,34.56638210658774,19.559276068156368,174.5445843235717,19.559276068156365,C1.7,2401071615,2024-01-07 15:53:55.272,2024-01-07 16:15:35.275,2024-01-07 16:25:51.276,14.667798139369452,2.6139190244722896,154.1332643256942,2.613919024472289,C2.2,-18.87294177957341,2.6897313780225054,0.953580416953076
2401071615,2024-01-07 15:53:55.272,2024-01-07 16:15:35.275,2024-01-07 16:25:51.276,14.667798139369452,2.6139190244722896,154.1332643256942,2.613919024472289,C2.2,2401071743,2024-01-07 16:55:19.279,2024-01-07 17:43:51.284,2024-01-07 18:03:43.286,36.25008768140094,19.67186412736106,174.9083460675089,19.67186412736106,C3.9,-18.891060421699024,2.6839024340687976,0.953553809807862
2401290632,2024-01-29 06:30:28.428,2024-01-29 06:32:08.429,2024-01-29 06:36:56.429,-82.59405173972675,31.603206022002453,132.52000247750755,31.60320602200245,M1.1,2401290753,2024-01-29 07:49:24.437,2024-01-29 07:53:08.437,2024-01-29 08:02:08.438,-58.51379290742955,2.9447039506081336,155.85962055150262,2.9447039506081336,C5.6,-24.701424208434844,0.4702106962021423,0.903377025502598
2401290753,2024-01-29 07:49:24.437,2024-01-29 07:53:08.437,2024-01-29 08:02:08.438,-58.51379290742955,2.9447039506081336,155.85962055150262,2.9447039506081336,C5.6,2401290805,2024-01-29 08:04:36.439,2024-01-29 08:05:24.439,2024-01-29 08:06:40.439,-79.823461891933,16.96741795664729,134.43778858190146,16.967417956647292,C4.7,-24.70327583953764,0.4692546615157063,0.9033408526083612
2401291128,2024-01-29 11:26:20.460,2024-01-29 11:28:32.461,2024-01-29 11:36:52.461,-78.34922668658282,17.443875352553814,134.0546314167655,17.443875352553814,C2.4,2401291141,2024-01-29 11:38:20.462,2024-01-29 11:41:48.462,2024-01-29 11:51:28.463,-56.13548451801796,2.6571091893556384,156.14706713235492,2.657109189355638,C2.9,-24.73585208381985,0.4523752693989515,0.9027005340753426
2402230047,2024-02-23 00:31:16.302,2024-02-23 00:47:40.206,2024-02-23 01:36:24.210,-8.521540096784975,73.0195075832625,240.54605928553715,73.0195075832625,C6.4,2402230152,2024-02-23 01:48:32.211,2024-02-23 01:52:08.211,2024-02-23 01:53:44.211,-25.0089647278175,18.85638020205373,223.468984524974,18.85638020205373,C3.9,-26.24128213914895,-2.7874842741997456,0.7395431310613851
2403221058,2024-03-22 10:57:24.998,2024-03-22 10:58:08.998,2024-03-22 10:58:48.998,-23.340746510724955,-14.66237054879443,211.16470879300363,-14.66237054879443,C2.7,2403221110,2024-03-22 11:03:20.999,2024-03-22 11:10:40.999,2024-03-22 11:27:57.001,-49.14933007614286,-17.35826234999419,185.2413517030433,-17.35826234999419,C4.4,5.988089033868288,-7.900746109528787,0.4010072088680145
2403221110,2024-03-22 11:03:20.999,2024-03-22 11:10:40.999,2024-03-22 11:27:57.001,-49.14933007614286,-17.35826234999419,185.2413517030433,-17.35826234999419,C4.4,2403221134,2024-03-22 11:32:09.002,2024-03-22 11:34:09.002,2024-03-22 11:37:29.002,-23.312469035067465,-14.962808447837936,210.86331731261197,-14.962808447837936,C2.8,6.039318549325981,-7.902177224646249,0.4007904349237808
2403232138,2024-03-23 21:35:01.128,2024-03-23 21:38:49.129,2024-03-23 21:54:05.130,33.69357943007736,-9.693496982909986,249.14465689696092,-9.693496982909984,C5.1,2403232156,2024-03-23 21:55:53.131,2024-03-23 21:56:41.131,2024-03-23 21:57:13.131,17.007108810574113,-16.00934394253111,232.29455981864643,-16.00934394253111,C3.9,10.840966350183068,-7.98740639053795,0.3820051807855306
2403240034,2024-03-24 00:33:01.148,2024-03-24 00:34:29.148,2024-03-24 00:36:45.148,-4.193622212008563,-14.786476145635156,209.6486605617505,-14.786476145635156,C3.0,2403240039,2024-03-24 00:39:05.149,2024-03-24 00:39:49.149,2024-03-24 00:41:13.149,-20.98265510779089,-4.718067372030933,192.8107835727399,-4.718067372030933,C2.9,11.246997590815967,-7.990306716511634,0.380546207385099
2403240039,2024-03-24 00:39:05.149,2024-03-24 00:39:49.149,2024-03-24 00:41:13.149,-20.98265510779089,-4.718067372030933,192.8107835727399,-4.718067372030933,C2.9,2403240054,2024-03-24 00:49:01.150,2024-03-24 00:54:21.150,2024-03-24 01:32:45.155,-3.588929445396502,-15.693020525812344,210.0714092945325,-15.693020525812342,M1.5,11.283364187276744,-7.990534641163564,0.3804164522617365
2403251614,2024-03-25 16:13:45.414,2024-03-25 16:14:37.414,2024-03-25 16:17:13.415,23.500941806225992,-12.052483410705676,215.54438814137785,-12.052483410705676,C3.2,2403251623,2024-03-25 16:22:37.415,2024-03-25 16:23:25.415,2024-03-25 16:24:45.415,4.70238782011896,-32.106571685229376,196.6652343768194,-32.106571685229376,C2.9,17.652195642916855,-7.952338162196262,0.3598423347606834
2403260650,2024-03-26 06:38:41.311,2024-03-26 06:50:41.312,2024-03-26 06:58:45.313,24.708218870977905,-14.04473333882088,208.72761769354497,-14.04473333882088,C2.4,2403260720,2024-03-26 07:08:05.314,2024-03-26 07:20:33.315,2024-03-26 07:35:37.317,4.6025542243725575,-11.295793700439209,188.3483935782972,-11.295793700439209,C2.1,20.303051811951,-7.892526794591922,0.3524161697489688
2403260720,2024-03-26 07:08:05.314,2024-03-26 07:20:33.315,2024-03-26 07:35:37.317,4.6025542243725575,-11.295793700439209,188.3483935782972,-11.295793700439209,C2.1,2403260739,2024-03-26 07:37:13.317,2024-03-26 07:39:09.317,2024-03-26 07:40:13.317,24.268550214250297,-14.350552157967693,207.84402535598915,-14.350552157967693,C1.8,20.359454873491277,-7.890984792095797,0.3522647370868453
2403261101,2024-03-26 11:01:25.340,2024-03-26 11:01:37.340,2024-03-26 11:01:49.340,44.01480102248118,-21.33089815851876,225.73580228701428,-21.33089815851876,C2.3,2403261111,2024-03-26 11:10:25.341,2024-03-26 11:11:45.341,2024-03-26 11:19:45.342,26.736197421376197,-14.261615134239625,208.3643830684493,-14.261615134239625,C2.3,21.008357783617992,-7.872448480157259,0.3505415924395945
2403261209,2024-03-26 12:04:45.347,2024-03-26 12:09:29.347,2024-03-26 12:14:41.348,28.123795497394177,-14.206513128356333,209.2231756900769,-14.206513128356333,C4.3,2403261223,2024-03-26 12:14:53.348,2024-03-26 12:23:01.349,2024-03-26 12:27:37.350,44.88775620182696,-20.960483987637872,225.86317828583472,-20.960483987637872,C4.8,21.227616743936988,-7.865855445151864,0.3499672070031644
2403271450,2024-03-27 14:47:37.426,2024-03-27 14:50:13.426,2024-03-27 14:52:05.426,41.44047496420701,-14.868257170564531,207.8776058502573,-14.868257170564531,C2.6,2403271457,2024-03-27 14:52:37.426,2024-03-27 14:57:09.427,2024-03-27 15:01:21.427,57.9771702219294,-12.839955101091329,224.35079191914053,-12.839955101091329,C6.0,26.363061005558208,-7.664965815056927,0.3375858846354206
2403271457,2024-03-27 14:52:37.426,2024-03-27 14:57:09.427,2024-03-27 15:01:21.427,57.9771702219294,-12.839955101091329,224.35079191914053,-12.839955101091329,C6.0,2403271502,2024-03-27 15:01:53.427,2024-03-27 15:02:45.427,2024-03-27 15:05:57.428,42.56018161194832,-15.968427039627128,208.8825075380528,-15.968427039627128,C2.9,26.38188724461713,-7.66406899950529,0.3375440958522928
2403280037,2024-03-28 00:34:33.491,2024-03-28 00:37:17.491,2024-03-28 00:40:13.491,46.63619125584352,-14.732883850099403,207.6957530673075,-14.732883850099403,C2.2,2403280044,2024-03-28 00:42:49.492,2024-03-28 00:44:25.492,2024-03-28 00:46:33.492,64.07534751062563,-13.032801791696476,225.0695668251276,-13.032801791696476,C2.1,28.367518673604646,-7.56309507819109,0.3332752555752296
2403280044,2024-03-28 00:42:49.492,2024-03-28 00:44:25.492,2024-03-28 00:46:33.492,64.07534751062563,-13.032801791696476,225.0695668251276,-13.032801791696476,C2.1,2403280050,2024-03-28 00:47:41.492,2024-03-28 00:50:53.492,2024-03-28 00:55:57.493,46.68436576409445,-14.728096225798584,207.61934948171145,-14.728096225798584,C2.2,28.3899297964547,-7.561883828772627,0.3332286165016173
2403280823,2024-03-28 08:17:57.442,2024-03-28 08:23:21.443,2024-03-28 08:29:29.444,51.6059650562001,-15.159390565452014,208.396264176596,-15.159390565452014,C3.2,2403280832,2024-03-28 08:31:09.444,2024-03-28 08:32:33.444,2024-03-28 08:36:01.444,66.95502978704195,-13.26110926409722,223.661054115178,-13.26110926409722,C3.3,30.00897134950021,-7.470215782764968,0.3299476827045442
2403281437,2024-03-28 14:35:41.484,2024-03-28 14:37:09.485,2024-03-28 14:39:45.485,57.332930793919935,-16.962922892885015,210.6990872375087,-16.96292289288501,C5.8,2403281445,2024-03-28 14:44:57.485,2024-03-28 14:45:25.485,2024-03-28 14:46:25.486,75.05250351640927,-21.97258109746257,228.34293397099265,-21.97258109746257,C5.1,31.34400445349882,-7.388525843722231,0.3273704412955514
2403281445,2024-03-28 14:44:57.485,2024-03-28 14:45:25.485,2024-03-28 14:46:25.486,75.05250351640927,-21.97258109746257,228.34293397099265,-21.97258109746257,C5.1,2403281453,2024-03-28 14:51:41.486,2024-03-28 14:53:01.486,2024-03-28 15:05:37.488,55.01031741636375,-15.106267496376528,208.23112864539044,-15.106267496376528,C5.6,31.37146978149158,-7.386788087155081,0.3273186086644729
2403282353,2024-03-28 23:51:41.346,2024-03-28 23:53:29.346,2024-03-28 23:58:25.347,76.78281381718088,-13.174492597018046,225.05270799201335,-13.174492597018046,C2.7,2403290007,2024-03-29 00:01:05.347,2024-03-29 00:07:05.348,2024-03-29 00:08:29.348,59.38413916406231,-16.40854929458495,207.52944925040552,-16.408549294584954,C2.4,33.40094757465543,-7.252096615500404,0.323617841291636
2403290047,2024-03-29 00:42:21.352,2024-03-29 00:47:53.352,2024-03-29 01:05:09.354,77.30149882648885,-12.803826401764676,225.0730566166268,-12.803826401764676,C4.7,2403290108,2024-03-29 01:07:21.355,2024-03-29 01:08:33.355,2024-03-29 01:09:29.355,61.903256621238654,-15.83441358465428,209.48549509686524,-15.83441358465428,C2.8,33.62938213214824,-7.236167209606845,0.3232169986967283
2403290359,2024-03-29 03:58:13.374,2024-03-29 03:59:57.374,2024-03-29 04:07:33.375,40.16434233824087,-12.787804037402026,186.1764478433448,-12.78780403740203,C2.8,2403290414,2024-03-29 04:13:37.375,2024-03-29 04:14:53.376,2024-03-29 04:17:05.376,65.01034196255496,-13.98026087549598,210.88564816788076,-13.98026087549598,C2.3,34.32585617358997,-7.186652409956484,0.322014081919266
2403290644,2024-03-29 06:38:09.391,2024-03-29 06:44:17.392,2024-03-29 06:49:53.393,64.81062117150715,-15.183817250173902,209.31732058610967,-15.183817250173902,C2.3,2403290659,2024-03-29 06:58:13.394,2024-03-29 06:59:05.394,2024-03-29 06:59:41.394,80.90196045897277,-11.40444298869144,225.27308126232967,-11.40444298869144,C2.1,34.94454743643107,-7.141478717705382,0.3209695181493487
2403291646,2024-03-29 16:44:33.359,2024-03-29 16:46:17.359,2024-03-29 16:49:13.360,68.18136318064967,-16.23982500889024,207.173275618086,-16.239825008890236,C8.7,2403291718,2024-03-29 17:07:09.362,2024-03-29 17:18:57.363,2024-03-29 17:32:01.364,85.93598199682732,-10.970956082290868,224.62863846020775,-10.970956082290868,C7.3,37.32142625170215,-6.957702305806343,0.3171615066815144
2403301514,2024-03-30 15:13:57.409,2024-03-30 15:14:53.410,2024-03-30 15:16:25.410,79.9347124504013,-15.54747031259003,206.57199622913996,-15.54747031259003,C3.7,2403301520,2024-03-30 15:18:05.410,2024-03-30 15:20:05.410,2024-03-30 15:21:41.410,99.73657976121896,-13.469409828295037,226.32622494654925,-13.469409828295037,C3.7,42.597604488004194,-6.493974409926572,0.3098127740288079
2403310346,2024-03-31 03:43:33.493,2024-03-31 03:46:01.493,2024-03-31 03:46:57.493,81.05421353028703,-13.516096701876448,200.810070731852,-13.516096701876448,C1.8,2403310351,2024-03-31 03:50:53.494,2024-03-31 03:51:45.494,2024-03-31 03:52:45.494,105.38074324044123,-11.095742814488212,225.08407445678247,-11.095742814488212,C1.7,45.71948402743914,-6.1852900075259845,0.3061390287182328
2403310959,2024-03-31 09:58:13.535,2024-03-31 09:59:29.535,2024-03-31 10:01:01.535,109.5221444198926,-12.015987275623884,225.8564675006517,-12.015987275623884,C2.6,2403311008,2024-03-31 10:02:01.536,2024-03-31 10:08:33.536,2024-03-31 10:50:29.540,93.01604130844656,-16.10577244585869,209.26729916918904,-16.105772445858687,C4.3,47.31469811354139,-6.018238570648957,0.3044458035883046
2403311117,2024-03-31 11:13:45.543,2024-03-31 11:17:01.543,2024-03-31 11:22:05.544,95.31733587267296,-15.4759796740578,210.9413285054907,-15.4759796740578,C2.0,2403311126,2024-03-31 11:25:57.544,2024-03-31 11:26:45.544,2024-03-31 11:27:29.544,112.20434863575504,-12.259885742972648,227.7391681100068,-12.259885742972646,C1.9,47.64817543357752,-5.982543247669944,0.3041072046806002
2403311135,2024-03-31 11:34:29.545,2024-03-31 11:35:45.545,2024-03-31 11:39:17.546,112.64794612845812,-12.81289090565523,228.1003109345769,-12.81289090565523,C1.8,2403311149,2024-03-31 11:48:13.547,2024-03-31 11:49:05.547,2024-03-31 11:49:45.547,93.4879326156632,-15.111999028517817,208.81814223694047,-15.111999028517811,C1.7,47.74356301101447,-5.972284391553847,0.3040113210914273
2403311529,2024-03-31 15:29:09.572,2024-03-31 15:29:57.572,2024-03-31 15:38:45.573,111.5408347243616,-11.7110647462479,224.84753769809436,-11.711064746247898,C1.9,2403311542,2024-03-31 15:41:21.573,2024-03-31 15:42:09.573,2024-03-31 15:43:09.573,96.57375140956432,-15.58100698742945,209.7686817172772,-15.581006987429449,C1.9,48.74289551269698,-5.863518828314144,0.3030325517446985
2404010038,2024-04-01 00:37:01.632,2024-04-01 00:38:17.632,2024-04-01 00:38:57.632,113.69634836277856,-11.063471282416709,221.9793458896293,-11.063471282416709,C1.6,2404010043,2024-04-01 00:41:41.633,2024-04-01 00:43:25.633,2024-04-01 00:46:57.633,98.72717252980893,-15.84048488630104,206.96313916095755,-15.84048488630104,C1.7,51.08996898971022,-5.599018234336539,0.3009162172626831
2404260816,2024-04-26 08:15:28.797,2024-04-26 08:16:24.797,2024-04-26 08:17:44.797,-165.72813813324296,-5.270283604820799,328.3063553002929,-5.270283604820798,C2.7,2404260854,2024-04-26 08:53:24.798,2024-04-26 08:54:20.799,2024-04-26 08:55:28.799,-141.14883074637905,-19.272497056552204,352.5376213966546,-19.272497056552204,C2.6,156.14038419560174,7.972796560271393,0.5313647246198832
2404271741,2024-04-27 17:36:52.915,2024-04-27 17:41:24.915,2024-04-27 17:47:32.916,114.40956685076009,-6.559775587642528,230.04732553481568,-6.5597755876425285,C2.2,2404271802,2024-04-27 17:57:40.917,2024-04-27 18:02:24.917,2024-04-27 18:06:24.918,95.29806958094754,-13.35140581908209,210.7431366687577,-13.35140581908209,C2.4,157.9509117842464,7.993683616838366,0.5491871436636316
2404271932,2024-04-27 19:31:20.927,2024-04-27 19:32:52.927,2024-04-27 19:38:52.928,99.54589253706942,-12.186649210157064,214.1608545027896,-12.186649210157064,C1.9,2404271951,2024-04-27 19:49:36.929,2024-04-27 19:51:32.929,2024-04-27 19:54:04.930,119.49339350023271,-10.600016799144097,233.93707329949376,-10.600016799144097,C1.9,158.0444553192537,7.994125339430347,0.5501557672777876
2404280346,2024-04-28 03:40:56.881,2024-04-28 03:46:16.882,2024-04-28 04:04:00.884,103.63131599408388,-12.569146781541216,213.71889780549415,-12.569146781541216,C1.6,2404280517,2024-04-28 05:03:08.890,2024-04-28 05:17:32.892,2024-04-28 05:50:12.895,122.99775038663331,-9.949325670359912,232.2478680586841,-9.949325670359912,C1.5,158.52033560512422,7.99533630925563,0.5551624986031363
2404281027,2024-04-28 10:21:52.927,2024-04-28 10:27:32.928,2024-04-28 10:28:28.928,107.82056964818553,-11.13165320550545,214.2261016350755,-11.131653205505447,C1.5,2404281042,2024-04-28 10:41:08.927,2024-04-28 10:42:52.927,2024-04-28 10:46:44.928,127.19907414614347,-9.59437869261042,233.4639057700581,-9.59437869261042,C1.7,158.7869719999915,7.995238422982808,0.5580274095241669
2404300814,2024-04-30 08:12:25.226,2024-04-30 08:14:41.227,2024-04-30 08:17:41.227,96.72863438430102,14.835374720104213,177.9248360584278,14.835374720104213,C1.4,2404300821,2024-04-30 08:21:21.228,2024-04-30 08:21:33.228,2024-04-30 08:21:49.228,123.41871183231513,18.326448716527597,204.55189772630325,18.3264487165276,C1.4,160.84504343258052,7.973887560772575,0.5817558362962004
2404302156,2024-04-30 21:30:05.314,2024-04-30 21:56:25.317,2024-04-30 22:09:01.319,106.89990449920528,14.745030459373703,180.5549098766245,14.745030459373703,C1.4,2404302249,2024-04-30 22:43:53.325,2024-04-30 22:49:37.325,2024-04-30 22:59:13.326,130.34822632480888,18.43267311918923,203.514997775408,18.43267311918923,C1.3,161.43271060487746,7.960345512281163,0.589127195259901
2405010550,2024-05-01 05:44:57.369,2024-05-01 05:50:13.369,2024-05-01 06:00:25.370,131.34822953668248,20.580030211809326,200.65498716371607,20.580030211809333,C1.4,2405010610,2024-05-01 06:07:29.371,2024-05-01 06:10:13.371,2024-05-01 07:42:05.381,111.0264453179774,13.667825335427496,180.149653576177,13.6678253354275,C5.8,161.71994175197815,7.95237459530016,0.5928402888808884
2405020704,2024-05-02 07:03:17.536,2024-05-02 07:04:25.536,2024-05-02 07:06:57.536,124.60291342414703,13.827375330436714,180.01278582892164,13.827375330436714,C1.3,2405020733,2024-05-02 07:31:29.538,2024-05-02 07:33:01.539,2024-05-02 07:37:09.539,149.92343603121088,18.279464022603527,205.0708190246542,18.279464022603527,C1.3,162.65822714930906,7.919608441794927,0.6055242887224535
2405021105,2024-05-02 11:04:49.562,2024-05-02 11:05:49.562,2024-05-02 11:06:53.562,-172.34682248082825,-21.24109151271277,240.8474842403336,-21.24109151271277,C2.0,2405021244,2024-05-02 12:06:37.569,2024-05-02 12:44:21.573,2024-05-02 13:03:25.575,169.39679628635054,-12.469804428180751,221.6867601715977,-12.469804428180751,C3.0,162.84007417646814,7.911980295737048,0.608088722721506
2405021244,2024-05-02 12:06:37.569,2024-05-02 12:44:21.573,2024-05-02 13:03:25.575,169.39679628635054,-12.469804428180751,221.6867601715977,-12.469804428180751,C3.0,2405021336,2024-05-02 13:33:33.578,2024-05-02 13:36:45.579,2024-05-02 13:40:17.579,-174.2961583820017,-8.16835889366181,237.5128749594404,-8.16835889366181,C2.4,162.87035835548818,7.9106671579805345,0.6085193704311309
2405022113,2024-05-02 21:08:41.628,2024-05-02 21:13:49.629,2024-05-02 21:25:33.630,-169.49796335478248,-7.745380059294578,238.11604668156136,-7.745380059294578,C1.4,2405022200,2024-05-02 21:57:13.634,2024-05-02 22:00:29.634,2024-05-02 22:05:21.634,169.1048433207943,-10.916121367049476,216.29053633078703,-10.916121367049476,C1.3,163.1568230798709,7.897624828656444,0.6126450148966422
2405022240,2024-05-02 22:27:41.637,2024-05-02 22:40:09.638,2024-05-02 23:05:33.641,170.02040869541423,-10.968747085236023,216.8420317334461,-10.968747085236023,C1.9,2405022314,2024-05-02 23:11:17.642,2024-05-02 23:14:17.642,2024-05-02 23:23:01.643,-168.43847239025112,-7.558269969378029,238.0698664263135,-7.558269969378029,C5.0,163.19809009119362,7.895651533696205,0.613247271029458
2405030645,2024-05-03 06:39:17.691,2024-05-03 06:45:29.692,2024-05-03 06:49:05.692,-179.6884071740601,-11.705355126721225,222.6786719152688,-11.705355126721225,C3.0,2405030705,2024-05-03 07:04:13.694,2024-05-03 07:05:17.694,2024-05-03 07:06:57.694,-163.35433356159368,-8.1332148030524,238.8310132821356,-8.1332148030524,C2.4,163.45731239391583,7.882693169423415,0.6170777950352596
2405030705,2024-05-03 07:04:13.694,2024-05-03 07:05:17.694,2024-05-03 07:06:57.694,-163.35433356159368,-8.1332148030524,238.8310132821356,-8.1332148030524,C2.4,2405030711,2024-05-03 07:10:41.694,2024-05-03 07:11:45.694,2024-05-03 07:12:49.695,177.26822187469077,-13.950263386341335,219.3942151626524,-13.950263386341335,C2.3,163.4608219793224,7.882510941804451,0.6171302282934574
2405030711,2024-05-03 07:10:41.694,2024-05-03 07:11:45.694,2024-05-03 07:12:49.695,177.26822187469077,-13.950263386341335,219.3942151626524,-13.950263386341335,C2.3,2405030729,2024-05-03 07:27:01.596,2024-05-03 07:29:25.596,2024-05-03 07:31:37.597,-164.80435347295366,-6.470018371663031,237.15950327281615,-6.470018371663031,C2.3,163.4704023682,7.882012562761999,0.6172734386469599
2405031755,2024-05-03 17:51:49.668,2024-05-03 17:55:09.668,2024-05-03 18:01:53.669,-179.07269965178625,-10.857542858109616,217.14785921996628,-10.857542858109616,C1.8,2405031844,2024-05-03 18:36:13.670,2024-05-03 18:44:13.671,2024-05-03 18:49:05.671,-154.6793393542583,-9.520757786139264,241.09085598199567,-9.520757786139264,C6.0,163.82904259833154,7.862344793947636,0.6227199957285374
2405041022,2024-05-04 10:21:01.774,2024-05-04 10:22:21.774,2024-05-04 10:24:05.774,-147.2238704978089,-7.856595244822681,239.9354176440789,-7.856595244822683,C2.9,2405041043,2024-05-04 10:38:45.775,2024-05-04 10:43:05.776,2024-05-04 10:48:17.777,-168.979064140311,-10.642248443443432,217.9899144901148,-10.642248443443432,C3.5,164.31477472979574,7.832388151504797,0.630378390841078
2405041505,2024-05-04 15:02:53.705,2024-05-04 15:05:01.705,2024-05-04 15:08:13.705,108.32748672632871,-7.477201559440557,132.89220455591948,-7.477201559440559,C3.1,2405041517,2024-05-04 15:16:09.706,2024-05-04 15:17:25.706,2024-05-04 15:20:05.707,123.98312975844136,-14.001787156254997,148.43402798212972,-14.001787156254991,C2.3,164.4487508665305,7.823407830974382,0.6325518968906897
2405041734,2024-05-04 17:30:45.621,2024-05-04 17:34:41.621,2024-05-04 17:42:41.622,126.3266238322486,-12.615516534464913,149.51756272211043,-12.61551653446491,C3.7,2405041752,2024-05-04 17:51:09.623,2024-05-04 17:52:21.623,2024-05-04 17:55:33.623,110.50869229014728,-7.272749567248996,133.53746790351025,-7.272749567248996,C3.4,164.52345695298362,7.8182588531010335,0.633775945700741
2405042355,2024-05-04 23:54:25.663,2024-05-04 23:55:37.663,2024-05-05 00:27:13.667,116.84731472208752,-6.748506311922819,136.54162458206685,-6.748506311922821,M3.0,2405050041,2024-05-05 00:29:25.667,2024-05-05 00:41:37.668,2024-05-05 00:55:29.670,133.66461284213898,-14.805507272250535,152.93668054958133,-14.805507272250535,M1.3,164.7175197198459,7.804395763763605,0.6369973514494446
2405151923,2024-05-15 19:22:03.959,2024-05-15 19:23:15.959,2024-05-15 19:24:15.959,151.08442185352604,72.05532216652638,27.841114200418517,72.05532216652637,C4.7,2405151929,2024-05-15 19:29:15.960,2024-05-15 19:29:51.960,2024-05-15 19:31:11.960,170.15037619965423,25.73144683397288,46.84645197902331,25.73144683397288,C4.6,169.32739952094968,7.094438593634367,0.746240547198127
2405161621,2024-05-16 16:20:39.996,2024-05-16 16:21:39.996,2024-05-16 16:24:51.996,148.30054794720945,-49.12713789686168,13.499454085323292,-49.12713789686168,C2.1,2405161643,2024-05-16 16:43:15.998,2024-05-16 16:43:59.999,2024-05-16 16:44:51.999,127.9828738673804,-18.342033143543937,352.9766544225745,-18.342033143543933,C3.6,169.5224722978477,7.026368341830772,0.75409099312872
2405170729,2024-05-17 07:28:55.995,2024-05-17 07:29:19.995,2024-05-17 07:30:55.995,132.3317490660312,-19.271093328279356,349.1938775734303,-19.271093328279356,C2.3,2405170824,2024-05-17 07:36:27.996,2024-05-17 08:24:28.001,2024-05-17 08:49:44.004,153.37999908332253,-51.21173821473224,9.7357273114913,-51.21173821473224,C2.3,169.6528814967227,6.975573121884358,0.7597793719265542
2405170824,2024-05-17 07:36:27.996,2024-05-17 08:24:28.001,2024-05-17 08:49:44.004,153.37999908332253,-51.21173821473224,9.7357273114913,-51.21173821473224,C2.3,2405170738,2024-05-17 07:36:35.996,2024-05-17 07:38:43.996,2024-05-17 07:39:15.996,131.7795399555999,-19.543273033634243,348.55532942831866,-19.543273033634243,C2.1,169.64679878723996,6.978053408477686,0.7595048351615269
2405171949,2024-05-17 19:48:08.075,2024-05-17 19:49:16.075,2024-05-17 19:53:56.076,138.81825121805812,-19.278277645259603,348.8840062128081,-19.278277645259603,C2.5,2405172006,2024-05-17 20:05:04.077,2024-05-17 20:06:28.077,2024-05-17 20:07:52.077,161.24363014292803,-52.36366054552255,11.151399133393957,-52.36366054552255,C1.9,169.74300298906377,6.937376062166224,0.7639668516158604
2405172006,2024-05-17 20:05:04.077,2024-05-17 20:06:28.077,2024-05-17 20:07:52.077,161.24363014292803,-52.36366054552255,11.151399133393957,-52.36366054552255,C1.9,2405172013,2024-05-17 20:11:20.078,2024-05-17 20:13:04.078,2024-05-17 20:20:40.079,136.95514970944342,-18.594007968146045,346.80229610395435,-18.594007968146048,C2.7,169.74382164968276,6.937015853071324,0.7640059842065597
2406010355,2024-06-01 03:52:48.728,2024-06-01 03:55:44.728,2024-06-01 04:04:04.729,-136.0923059338469,-24.943321882460054,244.2792842205367,-24.943321882460054,C1.6,2406010522,2024-06-01 05:17:16.637,2024-06-01 05:22:16.638,2024-06-01 05:44:00.640,-160.4396401355738,-11.98763994471865,219.1367589841309,-11.98763994471865,C2.5,170.28922556218737,5.745621041007412,0.8657771850130075
2406030804,2024-06-03 08:01:08.568,2024-06-03 08:04:12.569,2024-06-03 08:21:12.570,-146.76742197191425,-13.02342312540881,204.85431291048565,-13.023423125408812,C3.2,2406030932,2024-06-03 09:28:52.578,2024-06-03 09:32:48.578,2024-06-03 09:40:08.579,-129.61077856731438,-13.18223400897786,221.1967241086087,-13.18223400897786,C4.6,170.1092265934204,5.559303418008078,0.87763866249528
2406121913,2024-06-12 19:13:32.152,2024-06-12 19:13:40.152,2024-06-12 19:14:12.152,104.96137343424292,-21.722597329128465,331.31747227850616,-21.722597329128465,C3.3,2406121940,2024-06-12 19:35:04.154,2024-06-12 19:40:32.155,2024-06-12 21:01:52.167,120.57520736602072,-18.762693894184107,346.68435755342045,-18.762693894184103,C4.5,168.8351914174648,4.741144700722896,0.918898240484299
2406130305,2024-06-13 02:57:48.203,2024-06-13 03:05:24.203,2024-06-13 04:10:00.210,128.22308390252226,-19.10368125847436,350.2431699987876,-19.103681258474364,C1.8,2406130415,2024-06-13 04:14:20.211,2024-06-13 04:15:20.211,2024-06-13 04:17:00.211,109.5082820077816,-21.73384023437813,330.8855625439742,-21.73384023437813,C1.7,168.77428504886188,4.709766537024882,0.9201454218602788
2406130415,2024-06-13 04:14:20.211,2024-06-13 04:15:20.211,2024-06-13 04:17:00.211,109.5082820077816,-21.73384023437813,330.8855625439742,-21.73384023437813,C1.7,2406130451,2024-06-13 04:49:28.215,2024-06-13 04:51:08.215,2024-06-13 04:56:32.216,129.86591397398033,-19.092348646401188,350.9141318025058,-19.09234864640119,C2.0,168.770021638995,4.707583493168202,0.920231299789738
2406161602,2024-06-16 15:59:24.458,2024-06-16 16:02:12.458,2024-06-16 16:06:52.459,176.41561231116296,-18.11537092840072,351.5863040457186,-18.11537092840072,C3.2,2406161649,2024-06-16 16:47:04.463,2024-06-16 16:49:28.463,2024-06-16 16:50:52.463,-161.35566113894774,-5.640663274428772,13.3805481522173,-5.640663274428772,C1.3,168.13662447946223,4.399057838945121,0.9312164392353725
2406170200,2024-06-17 01:57:28.523,2024-06-17 02:00:08.523,2024-06-17 02:15:52.525,-178.0500214864512,-18.070190888929737,351.62436310571485,-18.07019088892974,C1.9,2406170227,2024-06-17 02:26:52.526,2024-06-17 02:27:56.526,2024-06-17 02:31:24.527,-160.83326285310503,-21.319563049778758,8.585578686128223,-21.319563049778758,C1.7,168.06000199214225,4.363462784441871,0.932338414498889
2406171144,2024-06-17 11:39:48.486,2024-06-17 11:44:32.487,2024-06-17 11:55:32.488,-176.3527006616125,-20.64193247402263,347.949768510302,-20.64193247402263,C1.5,2406171204,2024-06-17 12:02:52.489,2024-06-17 12:04:48.489,2024-06-17 12:06:40.489,-155.64864441287864,-21.030602869980378,8.467528813588423,-21.03060286998038,C1.5,167.98286553190107,4.32792900234158,0.9334288550302152
2406181048,2024-06-18 10:42:04.237,2024-06-18 10:48:32.238,2024-06-18 11:02:20.239,-158.51655647071888,-17.225902514763046,353.06386136362,-17.22590251476305,C4.6,2406181212,2024-06-18 11:48:16.244,2024-06-18 12:12:36.247,2024-06-18 12:30:28.249,-140.84495631178075,-22.024888844097287,9.96269382196457,-22.024888844097287,M1.2,167.7862075798931,4.238579661260246,0.9360408011121448
